-- Copyright Federico Valeri.
-- License: Apache License 2.0 (see the file LICENSE).

-- letter model
INSERT INTO RG_MODELS VALUES (1, 'simple-letter', SYSDATE, NULL, 'pdf');
INSERT INTO RG_TEXT_TYPES (RTT_ID, RTT_RMD_ID, RTT_NAME) VALUES (1, 1, 'sender1');
INSERT INTO RG_TEXT_TYPES (RTT_ID, RTT_RMD_ID, RTT_NAME) VALUES (2, 1, 'sender2');
INSERT INTO RG_TEXT_TYPES (RTT_ID, RTT_RMD_ID, RTT_NAME) VALUES (3, 1, 'sender3');
INSERT INTO RG_TEXT_TYPES (RTT_ID, RTT_RMD_ID, RTT_NAME) VALUES (4, 1, 'sender4');
INSERT INTO RG_TEXT_TYPES (RTT_ID, RTT_RMD_ID, RTT_NAME) VALUES (5, 1, 'receiver1');
INSERT INTO RG_TEXT_TYPES (RTT_ID, RTT_RMD_ID, RTT_NAME) VALUES (6, 1, 'receiver2');
INSERT INTO RG_TEXT_TYPES (RTT_ID, RTT_RMD_ID, RTT_NAME) VALUES (7, 1, 'receiver3');
INSERT INTO RG_TEXT_TYPES (RTT_ID, RTT_RMD_ID, RTT_NAME) VALUES (8, 1, 'receiver4');
INSERT INTO RG_TEXT_TYPES (RTT_ID, RTT_RMD_ID, RTT_NAME) VALUES (9, 1, 'receiver5');
INSERT INTO RG_TEXT_TYPES (RTT_ID, RTT_RMD_ID, RTT_NAME) VALUES (10, 1, 'protocol');
INSERT INTO RG_TEXT_TYPES (RTT_ID, RTT_RMD_ID, RTT_NAME) VALUES (11, 1, 'object');
INSERT INTO RG_TEXT_TYPES (RTT_ID, RTT_RMD_ID, RTT_NAME) VALUES (12, 1, 'text');
INSERT INTO RG_TEXT_TYPES (RTT_ID, RTT_RMD_ID, RTT_NAME) VALUES (13, 1, 'signature');
INSERT INTO RG_REPORTS VALUES (1, 1, 'uid1', SYSDATE, NULL, NULL, NULL, NULL);
INSERT INTO RG_TEXTS (RTE_ID, RTE_RRE_ID, RTE_RTT_ID, RTE_VALUE) VALUES (1, 1, 1, 'ACME ITALY S.R.L.');
INSERT INTO RG_TEXTS (RTE_ID, RTE_RRE_ID, RTE_RTT_ID, RTE_VALUE) VALUES (2, 1, 2, 'Via del Corso 10 00187');
INSERT INTO RG_TEXTS (RTE_ID, RTE_RRE_ID, RTE_RTT_ID, RTE_VALUE) VALUES (3, 1, 3, 'Ufficio Personale');
INSERT INTO RG_TEXTS (RTE_ID, RTE_RRE_ID, RTE_RTT_ID, RTE_VALUE) VALUES (4, 1, 4, 'Casella Postale 123 - Roma');
INSERT INTO RG_TEXTS (RTE_ID, RTE_RRE_ID, RTE_RTT_ID, RTE_VALUE) VALUES (5, 1, 5, 'MARIO ROSSI');
INSERT INTO RG_TEXTS (RTE_ID, RTE_RRE_ID, RTE_RTT_ID, RTE_VALUE) VALUES (6, 1, 6, 'SC.A INT.2');
INSERT INTO RG_TEXTS (RTE_ID, RTE_RRE_ID, RTE_RTT_ID, RTE_VALUE) VALUES (7, 1, 7, 'VIA CRISTOFORO COLOMBO 123');
INSERT INTO RG_TEXTS (RTE_ID, RTE_RRE_ID, RTE_RTT_ID, RTE_VALUE) VALUES (8, 1, 8, '00154 ROMA RM');
INSERT INTO RG_TEXTS (RTE_ID, RTE_RRE_ID, RTE_RTT_ID, RTE_VALUE) VALUES (9, 1, 9, NULL);
INSERT INTO RG_TEXTS (RTE_ID, RTE_RRE_ID, RTE_RTT_ID, RTE_VALUE) VALUES (10, 1, 10, 'Prot. n. 1234 del 10/10/2016');
INSERT INTO RG_TEXTS (RTE_ID, RTE_RRE_ID, RTE_RTT_ID, RTE_VALUE) VALUES (11, 1, 11, 'Lorem ipsum dolor sit amet');
INSERT INTO RG_TEXTS (RTE_ID, RTE_RRE_ID, RTE_RTT_ID, RTE_VALUE) VALUES (12, 1, 12, 'Lorem ipsum dolor sit amet, consectetur adipiscing elit, sed do eiusmod tempor incididunt ut labore et dolore magna aliqua. Ut enim ad minim veniam, quis nostrud exercitation ullamco laboris nisi ut aliquip ex ea commodo consequat. Duis aute irure dolor in reprehenderit in voluptate velit esse cillum dolore eu fugiat nulla pariatur. Excepteur sint occaecat cupidatat non proident, sunt in culpa qui officia deserunt mollit anim id est laborum.');
INSERT INTO RG_TEXTS (RTE_ID, RTE_RRE_ID, RTE_RTT_ID, RTE_VALUE) VALUES (13, 1, 13, 'Lorem ipsum');

-- build error
INSERT INTO RG_REPORTS VALUES (2, 1, 'uid2', SYSDATE, NULL, NULL, NULL, 'ERROR');

-- table model
INSERT INTO RG_MODELS VALUES (2, 'simple-table', SYSDATE, NULL, 'xls');
INSERT INTO RG_TABLE_TYPES (RTP_ID, RTP_RMD_ID, RTP_NAME) VALUES (1, 2, 'sheet1');
INSERT INTO RG_REPORTS VALUES (3, 2, 'uid3', SYSDATE, NULL, NULL, NULL, NULL);
INSERT INTO RG_TABLES (RTB_ID, RTB_RRE_ID, RTB_RTP_ID, RTB_CELL0, RTB_CELL1, RTB_CELL2, RTB_CELL3, RTB_CELL4, RTB_CELL5, RTB_CELL6, RTB_CELL7, RTB_CELL8, RTB_CELL9, RTB_CELL10, RTB_CELL11, RTB_CELL12, RTB_CELL13, RTB_CELL14, RTB_CELL15, RTB_CELL16, RTB_CELL17, RTB_CELL18, RTB_CELL19, RTB_CELL20, RTB_CELL21, RTB_CELL22, RTB_CELL23, RTB_CELL24, RTB_CELL25, RTB_CELL26, RTB_CELL27, RTB_CELL28, RTB_CELL29)
VALUES(1, 3, 1, '111111111111', 'AAAAA', NULL, 'BBBBB', NULL, NULL, 'AAA 01234567890123456789BB', '100.50', '100.50', '2016-10-10', '2016-10-10', '2016-10-10', 'Tipo1', 'Aaabbb', NULL, NULL, NULL, NULL, NULL, NULL, NULL, NULL, NULL, NULL, NULL, NULL, NULL, NULL, NULL, NULL);
INSERT INTO RG_TABLES (RTB_ID, RTB_RRE_ID, RTB_RTP_ID, RTB_CELL0, RTB_CELL1, RTB_CELL2, RTB_CELL3, RTB_CELL4, RTB_CELL5, RTB_CELL6, RTB_CELL7, RTB_CELL8, RTB_CELL9, RTB_CELL10, RTB_CELL11, RTB_CELL12, RTB_CELL13, RTB_CELL14, RTB_CELL15, RTB_CELL16, RTB_CELL17, RTB_CELL18, RTB_CELL19, RTB_CELL20, RTB_CELL21, RTB_CELL22, RTB_CELL23, RTB_CELL24, RTB_CELL25, RTB_CELL26, RTB_CELL27, RTB_CELL28, RTB_CELL29)
VALUES(2, 3, 1, '222222222222', 'AAAAA', NULL, 'BBBBB', NULL, NULL, 'AAA 01234567890123456789BB', '100.50', '100.50', '2016-10-10', '2016-10-10', '2016-10-10', 'Tipo1', 'Aaabbb', NULL, NULL, NULL, NULL, NULL, NULL, NULL, NULL, NULL, NULL, NULL, NULL, NULL, NULL, NULL, NULL);
INSERT INTO RG_TABLES (RTB_ID, RTB_RRE_ID, RTB_RTP_ID, RTB_CELL0, RTB_CELL1, RTB_CELL2, RTB_CELL3, RTB_CELL4, RTB_CELL5, RTB_CELL6, RTB_CELL7, RTB_CELL8, RTB_CELL9, RTB_CELL10, RTB_CELL11, RTB_CELL12, RTB_CELL13, RTB_CELL14, RTB_CELL15, RTB_CELL16, RTB_CELL17, RTB_CELL18, RTB_CELL19, RTB_CELL20, RTB_CELL21, RTB_CELL22, RTB_CELL23, RTB_CELL24, RTB_CELL25, RTB_CELL26, RTB_CELL27, RTB_CELL28, RTB_CELL29)
VALUES(3, 3, 1, '333333333333', 'AAAAA', NULL, 'BBBBB', NULL, NULL, 'AAA 01234567890123456789BB', '100.50', '100.50', '2016-10-10', '2016-10-10', '2016-10-10', 'Tipo1', 'Aaabbb', NULL, NULL, NULL, NULL, NULL, NULL, NULL, NULL, NULL, NULL, NULL, NULL, NULL, NULL, NULL, NULL);
